time,cwnd,rtt,rto
0.0023560523986816406,46,0.00013524293899536133,0.0010819435119628906
0.0032629966735839844,92,0.00036060065031051636,0.0019381046295166016
0.003660440444946289,93,0.0006048167124390602,0.002314329147338867
0.004034280776977539,94,0.0008622853783890605,0.0026645660400390625
0.004365682601928711,95,0.0011258664453634992,0.0029709339141845703
0.004679679870605469,96,0.001392709700667183,0.0032606124877929688
0.004969596862792969,97,0.001659367533875411,0.003525972366333008
0.005258083343505859,98,0.0019256545064934016,0.003789663314819336
0.005528926849365234,99,0.0021884877322442264,0.0040283203125
0.005801200866699219,100,0.0024495208247041766,0.004276752471923828
0.0060749053955078125,101,0.0027090682075017747,0.004525899887084961
0.006331205368041992,102,0.0029648718039090236,0.004755496978759766
0.0065915584564208984,103,0.0032183234592187355,0.004992485046386719
0.006819486618041992,104,0.0034656044455786007,0.005196571350097656
0.007108211517333984,105,0.0037150558864938246,0.005461215972900391
0.007380962371826172,106,0.003964469324189787,0.0057103633880615234
0.0076525211334228516,107,0.00421378990442412,0.005959033966064453
0.007892608642578125,108,0.0044590059208571885,0.006175518035888672
0.008126020431518555,109,0.004699557560358194,0.006383419036865234
0.008342981338500977,110,0.00493426953302277,0.006577253341674805
0.008577108383178711,111,0.005163812192560695,0.006770610809326172
0.008786201477050781,112,0.005389993993685921,0.0069732666015625
0.008985757827758789,113,0.005609509753401572,0.007146120071411133
0.009178400039672852,114,0.005822745692048031,0.007315397262573242
0.009366750717163086,115,0.006029831136166416,0.007479429244995117
0.009542226791381836,116,0.006229895769841415,0.007630348205566406
0.009754657745361328,117,0.00642873457757242,0.007820606231689453
0.009981155395507812,118,0.006627990903721815,0.008022785186767578
0.010206222534179688,119,0.0068274635468753625,0.008223772048950195
0.010426044464111328,120,0.007026559223282177,0.008420228958129883
0.01060938835144043,121,0.007220586484525958,0.008578777313232422
0.010808706283569336,122,0.007412086231134896,0.008752584457397461
0.011022090911865234,123,0.0076035499719726484,0.008943796157836914
0.011305809020996094,124,0.007803386462673943,0.009202241897583008
0.011554241180419922,125,0.008006406586693948,0.009427547454833984
0.011778831481933594,126,0.008209381169240993,0.009630203247070312
0.01197052001953125,127,0.008407756147673882,0.009796380996704102
0.012140989303588867,128,0.008599513670459153,0.009941816329956055
0.012371540069580078,129,0.008793229523373561,0.010149240493774414
0.012584924697875977,130,0.008986393938649497,0.010338544845581055
0.012762784957885742,131,0.009175112137114208,0.010496139526367188
0.012998342514038086,132,0.00936804612755855,0.010718584060668945
0.013219118118286133,133,0.009562552971095543,0.010924100875854492
0.013417959213256836,134,0.00975605187529759,0.011110544204711914
0.013635873794555664,135,0.009951082820694962,0.011316299438476562
0.013858795166015625,136,0.010148318569487487,0.011528968811035156
0.014054059982299805,137,0.01030221379354386,0.011379480361938477
0.014257669448852539,138,0.010459432472640673,0.01155996322631836
0.014448165893554688,139,0.010619320756318768,0.01173853874206543
0.014619588851928711,140,0.010778922339635367,0.011896133422851562
0.014823436737060547,141,0.010942564594559485,0.01208806037902832
0.015021085739135742,142,0.01110875896050139,0.012272119522094727
0.015187501907348633,143,0.011273580342574946,0.012427330017089844
0.015428543090820312,144,0.011446379479059108,0.012655973434448242
0.01564812660217285,145,0.011623655755571984,0.01286458969116211
0.015848398208618164,146,0.011802375936851805,0.013053417205810547
0.016068458557128906,147,0.011984803325238493,0.013261795043945312
0.016304969787597656,148,0.01217267989170038,0.013487815856933594
0.0164945125579834,149,0.012359542838434854,0.013667583465576172
0.016694307327270508,150,0.012546144716677983,0.013852357864379883
0.01688408851623535,151,0.012731951915865819,0.014032602310180664
0.017058134078979492,152,0.012914470968832543,0.01419210433959961
0.017266273498535156,153,0.013098851463115438,0.014389514923095703
0.01746535301208496,154,0.013283698427976862,0.014577627182006836
0.017632722854614258,155,0.0134650792526841,0.014734745025634766
0.017870426177978516,156,0.013651920866636918,0.01495981216430664
0.018088817596435547,157,0.013841394903967704,0.015167713165283203
0.018321752548217773,158,0.014034543218584047,0.015386581420898438
0.01862192153930664,159,0.014239906827186333,0.015677452087402344
0.018847942352294922,160,0.014446541284151812,0.015892982482910156
0.019057750701904297,161,0.014652261175512719,0.016092300415039062
0.019277334213256836,162,0.014858253705575582,0.016300201416015625
0.019465208053588867,163,0.015060342271690768,0.01647496223449707
0.019635677337646484,164,0.015256958509106985,0.016633272171020508
0.019840002059936523,165,0.015453227004947372,0.016827106475830078
0.020036697387695312,166,0.015648177947947726,0.017012834548950195
0.02021026611328125,167,0.015839085206941442,0.01717543601989746
0.04517245292663574,168,0.014173494847974397,0.025832627360743717
0.04578518867492676,169,0.012778807370181944,0.022541619714729122
0.04637408256530762,170,0.01163883269059316,0.019618655447714642
0.046840667724609375,171,0.01069794945616721,0.017284132097148873
0.047267913818359375,172,0.009924923341590156,0.01533610614362953
0.047582387924194336,173,0.009286016812898954,0.013758362513737361
0.047863006591796875,174,0.00875960714330868,0.012444474830440602
0.04813075065612793,175,0.008329426853575028,0.011340688881710602
0.048424720764160156,176,0.007987649398672582,0.010380091582989696
0.04869794845581055,177,0.007720244192008676,0.009592080638656023
0.048967838287353516,178,0.0075175570746848375,0.008936366895951706
0.04925847053527832,179,0.007373971878291738,0.008379068253043437
0.049517154693603516,180,0.007278107351513083,0.007949159038963666
0.04979705810546875,181,0.007226680619661961,0.00758666774261982
0.050064802169799805,182,0.007212706446897819,0.00731052565624681
0.05033707618713379,183,0.00723198010049299,0.00736689567565918
0.05063652992248535,184,0.007283743066904755,0.007646083831787109
0.05089163780212402,185,0.00735851015935648,0.007881879806518555
0.051095008850097656,186,0.007446670537233551,0.008063793182373047
0.051268577575683594,187,0.007542705540269787,0.008214950561523438
0.05148792266845703,188,0.007651501897830668,0.008413076400756836
0.051698923110961914,189,0.0077701233360931675,0.008600473403930664
0.05189776420593262,190,0.007895613185271096,0.008774042129516602
0.05211925506591797,191,0.008030331544817897,0.008973360061645508
0.0523066520690918,192,0.00816874390954647,0.009137630462646484
0.05251455307006836,193,0.008312981330856823,0.009322643280029297
0.052739858627319336,194,0.008464968083368739,0.009528875350952148
0.052950143814086914,195,0.00862179834972682,0.009719610214233398
0.05317425727844238,196,0.008784327004497296,0.009922027587890625
0.053427934646606445,197,0.008955596841749465,0.010154485702514648
0.05364537239074707,198,0.00913034288853884,0.010353565216064453
0.053873538970947266,199,0.009308875676732959,0.010558605194091797
0.05415678024291992,200,0.009498321455865094,0.010824441909790039
0.054375410079956055,201,0.009689090661088988,0.01102447509765625
0.05457353591918945,202,0.00987821644583873,0.011202096939086914
0.05478668212890625,203,0.010067692377016848,0.011394023895263672
0.054971933364868164,204,0.010253838802988496,0.011556863784790039
0.05518627166748047,205,0.010440141551110418,0.011744260787963867
0.05541205406188965,206,0.010628935464582455,0.011950492858886719
0.05560731887817383,207,0.010816183857437382,0.012126922607421875
0.0558018684387207,208,0.011001007036146381,0.012294769287109375
0.05599832534790039,209,0.011184751233761262,0.01247096061706543
0.056204795837402344,210,0.011368981834393398,0.01265859603881836
0.0563807487487793,211,0.011549227293952255,0.012810945510864258
0.05658698081970215,212,0.011730336894140596,0.012998104095458984
0.056784868240356445,213,0.01191109993145139,0.013176441192626953
0.05695748329162598,214,0.012088430482393622,0.013329744338989258
0.057172298431396484,215,0.012267913409536436,0.013524293899536133
0.0573582649230957,216,0.012445792794135397,0.013690948486328125
0.057564496994018555,217,0.012624653264799503,0.013876676559448242
0.057781219482421875,218,0.012805862301889995,0.014074325561523438
0.05797553062438965,219,0.012986116300042417,0.014247894287109375
0.058226585388183594,220,0.013172448777917975,0.014476776123046875
0.05844688415527344,221,0.013360702460799078,0.014678478240966797
0.05867147445678711,222,0.013550875616639134,0.014882087707519531
0.05887103080749512,223,0.013739926893013833,0.015063285827636719
0.059112548828125,224,0.013933033117339863,0.01528477668762207
0.059339046478271484,225,0.014127899281780047,0.015491962432861328
0.05951666831970215,226,0.01431801710379631,0.015648841857910156
0.05972170829772949,227,0.014507526602555781,0.01583409309387207
0.0599062442779541,228,0.01469388121409544,0.015998363494873047
0.06010270118713379,229,0.014878905810792372,0.0161740779876709
0.0603184700012207,230,0.015065448853516811,0.01637125015258789
0.060515403747558594,231,0.015250846943757142,0.016548633575439453
0.06070590019226074,232,0.015434408735547021,0.016719341278076172
0.06089949607849121,233,0.015616572382449468,0.0168917179107666
0.06113100051879883,234,0.01580195319861118,0.017099618911743164
0.06138420104980469,235,0.015993635909594107,0.01733541488647461
0.061653852462768555,236,0.016192620917888863,0.01758551597595215
0.06185555458068848,237,0.016389173948904708,0.017765045166015625
0.06203341484069824,238,0.016581423430267205,0.017927169799804688
0.09411072731018066,239,0.014893910716022378,0.026706499715736163
0.0945136547088623,240,0.013463739307015797,0.023474939170061868
0.09491348266601562,241,0.012259695214409085,0.02068800386265606
0.09534287452697754,242,0.011255866907120889,0.01828266505813826
0.09567737579345703,243,0.010416945610762639,0.016289394685270395
0.09597373008728027,244,0.009716774717003978,0.014617970973314597
0.09626007080078125,245,0.009136788530302064,0.013196691837215457
0.09654784202575684,246,0.008661993764597193,0.0119855571245313
0.09680962562561035,247,0.008276052643769249,0.010977640489564865
0.09705781936645508,248,0.007966159729832516,0.010135410127389641
0.09728741645812988,249,0.0077205440204241305,0.009439853986282831
0.09758472442626953,250,0.007539575119891378,0.008806357423620646
0.09787178039550781,251,0.007413980084229296,0.008293145333863865
0.09815406799316406,252,0.007336151726914135,0.007880950228120262
0.09841465950012207,253,0.0072975264111048,0.007567903621770147
0.09866642951965332,254,0.007292101070684717,0.007330078453625294
0.09888982772827148,255,0.007312238837010871,0.007453203201293945
0.09910774230957031,256,0.007354088670647452,0.007647037506103516
0.09930086135864258,257,0.007411688110040397,0.007814884185791016
0.09947037696838379,258,0.0074802670361657185,0.007960319519042969
0.09968090057373047,259,0.007563370396375838,0.00814509391784668
0.09987258911132812,260,0.007655963985592287,0.008304119110107422
0.10003948211669922,261,0.007755162792813172,0.008449554443359375
0.1002798080444336,262,0.007869022257859475,0.008666038513183594
0.10046768188476562,263,0.007987543962168789,0.008817195892333984
0.10067605972290039,264,0.008113542590585434,0.008995532989501953
0.10089898109436035,265,0.008244384795219897,0.009160280227661133
0.10108828544616699,266,0.008378660466340481,0.00931859016418457
0.10127639770507812,267,0.008517132513531929,0.00948643684387207
0.10146784782409668,268,0.008659753226943588,0.009658098220825195
0.10167217254638672,269,0.008807643151029252,0.009842872619628906
0.10185790061950684,270,0.008957699844018882,0.010008096694946289
0.10212540626525879,271,0.009119636237799359,0.010253190994262695
0.10235214233398438,272,0.009287228800512182,0.010460376739501953
0.1025397777557373,273,0.009455151151070719,0.010630607604980469
0.102752685546875,274,0.009626163484298695,0.010823249816894531
0.1029353141784668,275,0.00979630327367591,0.010987281799316406
0.1031343936920166,276,0.009967467726526968,0.011165618896484375
0.10335755348205566,277,0.010142807015380286,0.011370182037353516
0.10355019569396973,278,0.010317656762923693,0.011541604995727539
0.1037445068359375,279,0.010492525196656742,0.011716604232788086
0.10394024848937988,280,0.010667588794740054,0.011893033981323242
0.1041262149810791,281,0.010841511859444788,0.01205897331237793
0.10430049896240234,282,0.011012946841323881,0.012212991714477539
0.10450601577758789,283,0.01118634727354243,0.012400150299072266
0.10470294952392578,284,0.011360126370300554,0.012576580047607422
0.10487174987792969,285,0.011530749926811447,0.012725114822387695
0.10507845878601074,286,0.011703231745576106,0.012910604476928711
0.10525679588317871,287,0.011874120892994937,0.013070344924926758
0.10546159744262695,288,0.012046775499159265,0.01325535774230957
0.10580658912658691,289,0.012238051612454054,0.013576984405517578
0.10612916946411133,290,0.012443416172631306,0.01388096809387207
0.10635757446289062,291,0.012649753439001,0.014094114303588867
0.1065680980682373,292,0.01285425961427419,0.014285802841186523
0.1067652702331543,293,0.013055375445494677,0.014463186264038086
0.10694026947021484,294,0.013250633900397442,0.014617443084716797
0.10714530944824219,295,0.013444879871511703,0.014804601669311523
0.10734415054321289,296,0.01363734584963939,0.014984607696533203
0.1075131893157959,297,0.013824141613414324,0.015131711959838867
0.10772228240966797,298,0.01401113174140367,0.015320062637329102
0.10794448852539062,299,0.014201033751740297,0.01553034782409668
0.10815238952636719,300,0.01439157631049798,0.015725374221801758
0.1083683967590332,301,0.014584407883822573,0.015934228897094727
0.10856389999389648,302,0.014776262112654443,0.01611924171447754
0.10875177383422852,303,0.01496651610699549,0.016298294067382812
0.10894417762756348,304,0.015155876535637654,0.016481399536132812
0.10913228988647461,305,0.015343978257135096,0.016660690307617188
0.10930275917053223,306,0.01552844541247795,0.01681971549987793
0.10951042175292969,307,0.015714917926531,0.017020225524902344
0.10972261428833008,308,0.01590338354803457,0.01722264289855957
0.1412818431854248,309,0.014306705492835912,0.025483451879226512
0.14207673072814941,310,0.013008079067706032,0.02209846404361519
0.14269638061523438,311,0.011947121216713482,0.01937382617366134
0.1432342529296875,312,0.011083483938998686,0.017128944883002255
0.1437060832977295,313,0.010384962175337839,0.015274614520963764
0.1440122127532959,314,0.009809488616677445,0.013837803527300203
0.1443161964416504,315,0.009341741842037222,0.01261596926451878
0.14459657669067383,316,0.00896476913169529,0.01160357810408882
0.14487314224243164,317,0.008667283332259135,0.010749683928312215
0.1451585292816162,318,0.008440153242570005,0.010030063870393915
0.14543747901916504,319,0.008273809538527441,0.00943821546682539
0.14571857452392578,320,0.008160892340504725,0.008951312726663746
0.14600753784179688,321,0.00809567700956578,0.008552184326138395
0.1462843418121338,322,0.008070770300850526,0.008245117261857303
0.14655852317810059,323,0.008080746206389962,0.008150577545166016
0.14682555198669434,324,0.00812049934134256,0.008398771286010742
0.1470930576324463,325,0.008186307552031674,0.008646965026855469
0.14736366271972656,326,0.008275211977214116,0.008897542953491211
0.14758896827697754,327,0.008378841962758884,0.009104251861572266
0.1477818489074707,328,0.0084912142908088,0.009277820587158203
0.14796161651611328,329,0.008609448029207455,0.009437084197998047
0.14819025993347168,330,0.008739068989362674,0.009646415710449219
0.14841103553771973,331,0.008877759698883258,0.009848594665527344
0.14859461784362793,332,0.009020273718609032,0.010017871856689453
0.1488025188446045,333,0.009167742460173284,0.010200023651123047
0.1489851474761963,334,0.009318265083483534,0.010371923446655273
0.14918065071105957,335,0.009472592341572262,0.01055288314819336
0.14940905570983887,336,0.00963504682899658,0.010772228240966797
0.14960098266601562,337,0.009799814468185118,0.010953187942504883
0.14982318878173828,338,0.009970808242624014,0.011167764663696289
0.15004730224609375,339,0.01014730949005175,0.011382818222045898
0.15024042129516602,340,0.010324844881401483,0.01156759262084961
0.15044474601745605,341,0.010504119613709818,0.011759042739868164
0.15070486068725586,342,0.010692635070855345,0.012012243270874023
0.15092754364013672,343,0.010884408186006606,0.01222681999206543
0.1511228084564209,344,0.011075544880193524,0.012413501739501953
0.1513669490814209,345,0.011272204379803733,0.012648820877075195
0.15155267715454102,346,0.011466275555884784,0.012824773788452148
0.15175342559814453,347,0.011659929692865861,0.013015508651733398
0.15198063850402832,348,0.01185658658306427,0.013233184814453125
0.15216922760009766,349,0.012051162115390587,0.013413190841674805
0.15236616134643555,350,0.01224487013389523,0.013600826263427734
0.15256357192993164,351,0.012437908484773072,0.013789176940917969
0.15275168418884277,352,0.012629079376614793,0.013967275619506836
0.15299248695373535,353,0.012816589683877543,0.014129161834716797
0.15320777893066406,354,0.013015172292057401,0.014405250549316406
0.15352869033813477,355,0.013227347267772516,0.01471257209777832
0.15386009216308594,356,0.013453531529970508,0.015036821365356445
0.15414714813232422,357,0.013685506813882886,0.015309333801269531
0.1544187068939209,358,0.013921774381413272,0.015575647354125977
0.15477681159973145,359,0.014171870882076457,0.01592254638671875
0.15506720542907715,360,0.01442631909541004,0.016207456588745117
0.15534496307373047,361,0.014682339883151143,0.016474485397338867
0.15566754341125488,362,0.014945548126364429,0.016788005828857422
0.15591001510620117,363,0.015205270231372709,0.017023324966430664
0.1561136245727539,364,0.015456488140454661,0.01721501350402832
0.15630388259887695,365,0.015699251599139895,0.017398595809936523
0.1565690040588379,366,0.01594349850579953,0.017653226852416992
0.1568126678466797,367,0.016186659243645755,0.017888784408569336
0.15701508522033691,368,0.016423534968072848,0.0180816650390625
0.1572425365447998,369,0.016658070351931294,0.01829981803894043
0.15747380256652832,370,0.01689118378656232,0.018522977828979492
0.15768122673034668,371,0.017119864167123865,0.018720626831054688
0.15794014930725098,372,0.017351132729332745,0.018970012664794922
0.1581590175628662,373,0.017579927381223402,0.019181489944458008
0.1583869457244873,374,0.017807213012678142,0.019398212432861328
0.15860533714294434,375,0.018032373588546986,0.019608497619628906
0.1588451862335205,376,0.018258088728891578,0.01983809471130371
0.15912461280822754,377,0.01848941511260313,0.020108699798583984
0.1593632698059082,378,0.0187207339510668,0.0203399658203125
0.15956449508666992,379,0.018947218211211772,0.020532608032226562
0.19008350372314453,380,0.017057739255580566,0.030284091944999023
0.19087672233581543,381,0.015503180263473693,0.0263850932082218
0.19161629676818848,382,0.014232258705576102,0.023128709610859235
0.1920933723449707,383,0.013179091731453797,0.020551260550309938
0.19245362281799316,384,0.012297833566642557,0.018466640720321247
0.19275975227355957,385,0.011562495459297955,0.016709862210710167
0.19304752349853516,386,0.010951141914260588,0.015230616729522153
0.19334912300109863,387,0.0104515531167047,0.013948674699595924
0.19362807273864746,388,0.010046718636311559,0.012880559999063547
0.19391250610351562,389,0.00972547963685074,0.011974152633076478
0.19418931007385254,390,0.009476015776375867,0.011222262799699977
0.1944575309753418,391,0.009288699511421169,0.010599913366104056
0.19475269317626953,392,0.009159249264265984,0.01006540099435228
0.19501829147338867,393,0.009076706492386911,0.009654505895540424
0.19525814056396484,394,0.009031899703589402,0.009345547225171967
0.19552302360534668,395,0.009023449760095682,0.009082599364551715
0.19574713706970215,396,0.009041686056792095,0.009169340133666992
0.19594955444335938,397,0.009080530999995208,0.009352445602416992
0.19616341590881348,398,0.009138779415721516,0.009546518325805664
0.19635391235351562,399,0.009211055439989237,0.009716987609863281
0.19653820991516113,400,0.009295724831020246,0.009888410568237305
0.19685029983520508,401,0.009407629695282364,0.010190963745117188
0.19704771041870117,402,0.009529000879230833,0.010378599166870117
0.19723176956176758,403,0.009656896755883985,0.010552167892456055
0.19746136665344238,404,0.009795508528814868,0.010765790939331055
0.19766712188720703,405,0.00994203639719177,0.010967731475830078
0.19787240028381348,406,0.010094656384057082,0.011162996292114258
0.19809842109680176,407,0.010255408392904194,0.011380672454833984
0.1982882022857666,408,0.010418626758692904,0.011561155319213867
0.19850420951843262,409,0.010587162232978606,0.011766910552978516
0.19874167442321777,410,0.01076327080479317,0.011996030807495117
0.19895648956298828,411,0.010943055407029107,0.012201547622680664
0.19915032386779785,412,0.011123463733836015,0.012386322021484375
0.19937467575073242,413,0.011308113307618597,0.01260066032409668
0.19957232475280762,414,0.011493344728654188,0.01278996467590332
0.19974470138549805,415,0.01167586661521829,0.012953519821166992
0.1999516487121582,416,0.011860309193543665,0.013151407241821289
0.20014142990112305,417,0.012044197202981078,0.013331413269042969
0.2003490924835205,418,0.012229805336498213,0.013529062271118164
0.20057439804077148,419,0.01241933256669851,0.013746023178100586
0.20076870918273926,420,0.012608355099941395,0.013931512832641602
0.20096182823181152,421,0.012796757209412223,0.014115571975708008
0.2011549472808838,422,0.012984586645760108,0.014299392700195312
0.20134472846984863,423,0.013171527562934382,0.014480113983154297
0.20158052444458008,424,0.01336317465315108,0.014704704284667969
0.20186185836791992,425,0.013564691493000726,0.014975309371948242
0.2021009922027588,426,0.013769986585230005,0.015207052230834961
0.2022874355316162,427,0.013971971532721396,0.015385866165161133
0.20249533653259277,428,0.014173503894002926,0.015584230422973633
0.20268464088439941,429,0.014372405068171749,0.015764713287353516
0.20288610458374023,430,0.014570345058124401,0.01595592498779297
0.2031111717224121,431,0.014770543453416224,0.016171932220458984
0.20330119132995605,432,0.014968396616633605,0.016353368759155273
0.2034902572631836,433,0.015164048690173912,0.016533613204956055
0.2036910057067871,434,0.015359145717076611,0.016724824905395508
0.20388221740722656,435,0.015552594787598285,0.01690673828125
0.20405983924865723,436,0.01574284355926569,0.0170745849609375
0.20426249504089355,437,0.015933451115608697,0.017267704010009766
0.20446062088012695,438,0.01612389577138466,0.017457008361816406
0.20463085174560547,439,0.01631059180815555,0.017617464065551758
0.20484614372253418,440,0.016499312616682003,0.017820358276367188
0.205031156539917,441,0.016686884472900586,0.017999887466430664
0.20523571968078613,442,0.01687526893751543,0.018193960189819336
0.20548367500305176,443,0.01706892418980232,0.018424510955810547
0.2057054042816162,444,0.017265135021057497,0.01863861083984375
0.2059774398803711,445,0.017465578739509904,0.018868684768676758
0.20620465278625488,446,0.017672348838630003,0.019119739532470703
0.20639729499816895,447,0.01787619066127623,0.019303083419799805
0.2065749168395996,448,0.018075413881763064,0.0194699764251709
0.20678043365478516,449,0.018274410522626055,0.019667387008666992
0.20697736740112305,450,0.018472016813422677,0.019855260848999023
0.2379903793334961,451,0.01672076517523056,0.02897952664257538
0.23859453201293945,452,0.015260780030569783,0.02548067604319523
0.23904848098754883,453,0.014036817999999902,0.022604552213989063
0.23956561088562012,454,0.013027154600402747,0.02009479839758284
0.239915132522583,455,0.012184349493492053,0.01808398524186692
0.24024558067321777,456,0.011485071799923833,0.016380015654901377
0.24053168296813965,457,0.010905479733197514,0.014962624200281747
0.24086427688598633,458,0.01043693068230405,0.013716774038558296
0.2411501407623291,459,0.010059554003464408,0.012701190755341901
0.24146246910095215,460,0.009764843975443466,0.011827814171590057
0.24172067642211914,461,0.009536357790799409,0.011135761083307803
0.24198698997497559,462,0.009366651934136983,0.010554592930773966
0.24226927757263184,463,0.009250316015413684,0.010064667446476782
0.24256467819213867,464,0.009183599419981115,0.009650615588009104
0.24283170700073242,465,0.009157468511801102,0.009340384869061188
0.24309277534484863,466,0.009165628184749182,0.009222745895385742
0.24331426620483398,467,0.009199709198017228,0.009438276290893555
0.24352502822875977,468,0.009254742849366759,0.009639978408813477
0.24371337890625,469,0.009325100024476432,0.00981760025024414
0.24391484260559082,470,0.009410444805962776,0.010007858276367188
0.2441093921661377,471,0.009508307696580955,0.010193347930908203
0.24433326721191406,472,0.009620223374217808,0.010403633117675781
0.2445235252380371,473,0.009740799357164704,0.010584831237792969
0.2447822093963623,474,0.009877536176105541,0.010834693908691406
0.24497175216674805,475,0.010019711448403872,0.011014938354492188
0.24517130851745605,476,0.010167688448673579,0.011203527450561523
0.2453935146331787,477,0.01032396061173611,0.011417865753173828
0.24564170837402344,478,0.01049023285590203,0.011654138565063477
0.24588823318481445,479,0.010665553194257294,0.01189279556274414
0.24611759185791016,480,0.010846704452461093,0.012114763259887695
0.24631214141845703,481,0.011028398010207045,0.012300252914428711
0.24647760391235352,482,0.011206840789753918,0.012455940246582031
0.24666309356689453,483,0.01138485312649,0.012630939483642578
0.24686908721923828,484,0.011565141232459145,0.012827157974243164
0.24706387519836426,485,0.01174560269484157,0.013008832931518555
0.24726486206054688,486,0.011927020506790086,0.013196945190429688
0.2474966049194336,487,0.012113477252065592,0.01341867446899414
0.24774718284606934,488,0.012306578238181294,0.013658285140991211
0.24799060821533203,489,0.012504896888584414,0.01389312744140625
0.24823260307312012,490,0.012707542576659922,0.014126062393188477
0.24847197532653809,491,0.012910636562591348,0.014332294464111328
0.2487039566040039,492,0.013116000355457126,0.014553546905517578
0.2489311695098877,493,0.013322873392232261,0.014770984649658203
0.24922466278076172,494,0.013539143446795148,0.015053033828735352
0.24952197074890137,495,0.013764619368561111,0.015342950820922852
0.2497854232788086,496,0.013992756203777594,0.015589714050292969
0.25003647804260254,497,0.014223578966131932,0.015839338302612305
0.2502429485321045,498,0.014450284810773765,0.0160372257232666
0.2504425048828125,499,0.014672464480423138,0.01622772216796875
0.25063371658325195,500,0.01488937244476905,0.01640772819519043
0.2508559226989746,501,0.015105869794431096,0.01662135124206543
0.25107765197753906,502,0.015321680030698498,0.016832351684570312
0.25129222869873047,503,0.01553629299629783,0.017038583755493164
0.2515137195587158,504,0.015750633210444683,0.017251014709472656
0.25169968605041504,505,0.015960264418712462,0.017427682876586914
0.25187110900878906,506,0.016163897700525627,0.017589330673217773
0.2520604133605957,507,0.016364458366225305,0.017768383026123047
0.2522587776184082,508,0.01656367159733313,0.01795816421508789
0.25246572494506836,509,0.01676274890445665,0.01815629005432129
0.2527611255645752,510,0.016972585125765414,0.018441438674926758
0.25295281410217285,511,0.017179020398359557,0.018624067306518555
0.2531447410583496,512,0.017382330829216468,0.018805503845214844
0.25338077545166016,513,0.017588629069451737,0.019032716751098633
0.25361037254333496,514,0.01779664757322144,0.019252777099609375
0.25382232666015625,515,0.018003965935727086,0.0194551944732666
0.25403594970703125,516,0.018210731279271454,0.01965808868408203
0.28565096855163574,517,0.01657776240506809,0.028008544524491648
0.28611087799072266,518,0.015205479448031991,0.024811460147284685
0.286632776260376,519,0.014065468993651527,0.022045542174314772
0.2871220111846924,520,0.013125984967757465,0.019702373149015906
0.28759241104125977,521,0.012359636985642762,0.01772407286044568
0.28792262077331543,522,0.011727974532008339,0.016149611707449295
0.2882070541381836,523,0.011207665009513644,0.014849831666976506
0.28849291801452637,524,0.010784848906410986,0.013744561628129589
0.28878355026245117,525,0.010448084603336053,0.012805434724860582
0.289060115814209,526,0.01018452946271824,0.012029415447042925
0.2893552780151367,527,0.009987833757554852,0.011364703693698571
0.28974318504333496,528,0.009860964940921408,0.010749046657355512
0.2899782657623291,529,0.009776359584002643,0.010368597082433997
0.2902188301086426,530,0.009729122184525263,0.010059783980866932
0.2905583381652832,531,0.00972689010695521,0.009742514649945577
0.29080653190612793,532,0.009754381733600458,0.009946823120117188
0.29103636741638184,533,0.009806033857446054,0.010167598724365234
0.2912614345550537,534,0.00987802175363749,0.010381937026977539
0.29146385192871094,535,0.009965180846261417,0.010575294494628906
0.2916867733001709,536,0.010067909514587628,0.010787010192871094
0.2920098304748535,537,0.010196957350990493,0.011100292205810547
0.29221439361572266,538,0.01033431211220091,0.011295795440673828
0.29241037368774414,539,0.010477683735077651,0.011481285095214844
0.29262256622314453,540,0.01062834666983479,0.011682987213134766
0.2928125858306885,541,0.010782349665603732,0.011860370635986328
0.292999267578125,542,0.010938828179922186,0.012034177780151367
0.29320549964904785,543,0.011098664865866971,0.012217521667480469
0.2933995723724365,544,0.011261320742695246,0.012399911880493164
0.29356908798217773,545,0.01142364199324213,0.012559890747070312
0.2937955856323242,546,0.011592584584586741,0.012775182723999023
0.29401493072509766,547,0.011766814209648774,0.012986421585083008
0.2942209243774414,548,0.011943792442903127,0.013182640075683594
0.29444432258605957,549,0.012125381080182449,0.013396501541137695
0.29464149475097656,550,0.012307904379455297,0.013585567474365234
0.294832706451416,551,0.012490381240623238,0.013767719268798828
0.29504942893981934,552,0.012675380468174728,0.013970375061035156
0.29532289505004883,553,0.01287036517245501,0.014235258102416992
0.29557251930236816,554,0.013071345355213319,0.014478206634521484
0.2958047389984131,555,0.013275157593526498,0.01470184326171875
0.29602479934692383,556,0.01347986835736364,0.014912843704223633
0.2962210178375244,557,0.013682414901117866,0.015100240707397461
0.29645419120788574,558,0.013887031461177108,0.015319347381591797
0.2967231273651123,559,0.014098942912822572,0.01558232307434082
0.2969474792480469,560,0.014311425941740381,0.01579880714416504
0.2971792221069336,561,0.014525213763475958,0.016021728515625
0.2973794937133789,562,0.01473617957004952,0.016212940216064453
0.2975766658782959,563,0.014944348287810053,0.01640152931213379
0.29776716232299805,564,0.015149175483187557,0.016582965850830078
0.2979722023010254,565,0.015352717974211231,0.016777515411376953
0.29816603660583496,566,0.015554033662996961,0.01696324348449707
0.2983725070953369,567,0.015754771806654324,0.01715993881225586
0.2985696792602539,568,0.015953991319363182,0.017348527908325195
0.298738956451416,569,0.016148365355950354,0.017508983612060547
0.2989680767059326,570,0.016345622355981707,0.017726421356201172
0.29918622970581055,571,0.016544597286322252,0.017937421798706055
0.29938769340515137,572,0.01674260181292516,0.018128633499145508
0.29961633682250977,573,0.016940502294317327,0.0183258056640625
0.2998173236846924,574,0.01713735806183369,0.018515348434448242
0.30001020431518555,575,0.01733207780949083,0.01869511604309082
0.3002007007598877,576,0.01752427288867862,0.018869638442993164
0.30039072036743164,577,0.01771509334798259,0.01905083656311035
0.3005673885345459,578,0.01790295267786733,0.019217967987060547
0.30077099800109863,579,0.018091737693552004,0.019413232803344727
0.3009676933288574,580,0.018280349207672825,0.019600629806518555
0.3011467456817627,581,0.01846660353606858,0.019770383834838867
0.3013191223144531,582,0.018649484024769847,0.01992964744567871
0.30145764350891113,583,0.018825925532019075,0.020061016082763672
0.3332090377807617,584,0.017213183144883758,0.028502379854830992
0.3335874080657959,585,0.015847482097781588,0.02540738942749677
0.3338582515716553,586,0.014683756317751883,0.02282983677795982
0.33429765701293945,587,0.013716666847765563,0.0204862931376698
0.33469724655151367,588,0.012917879056446356,0.0185093935956808
0.33498692512512207,589,0.012253540235334166,0.016903911983119503
0.3352475166320801,590,0.011702791147308387,0.015558034763488843
0.33550381660461426,591,0.011250062168903383,0.014419165017738406
0.3358018398284912,592,0.010889001646249322,0.013416425304827746
0.33605170249938965,593,0.010601952139320695,0.012611298687821078
0.33628010749816895,594,0.010376860852847381,0.011952499858160583
0.33649468421936035,595,0.010203777637415775,0.01141536014543702
0.3367183208465576,596,0.010078138635100865,0.010957611651305245
0.33692479133605957,597,0.009992165575275025,0.010593976994055909
0.33711814880371094,598,0.009938694843270432,0.010312989967302583
0.3373119831085205,599,0.009913693450431818,0.010088703200302113
0.3374755382537842,600,0.00990916218332767,0.009940881053056707
0.33767127990722656,601,0.009926327171184416,0.01004648208618164
0.3378469944000244,602,0.009957469591970813,0.010175466537475586
0.3380262851715088,603,0.010004209929000462,0.010331392288208008
0.3381805419921875,604,0.010061618210504188,0.010463476181030273
0.33832764625549316,605,0.01012761588536304,0.010589599609375
0.33846378326416016,606,0.010199579558643465,0.010703325271606445
0.3386075496673584,607,0.010277687352536787,0.010824441909790039
0.3387913703918457,608,0.010366803890897667,0.010990619659423828
0.3389558792114258,609,0.010461082732309506,0.011121034622192383
0.3391551971435547,610,0.010566971541619207,0.01130819320678711
0.33931589126586914,611,0.010677356631585875,0.011450052261352539
0.3394591808319092,612,0.010789112967402044,0.011571407318115234
0.339580774307251,613,0.01090040021328282,0.011679410934448242
0.33975934982299805,614,0.011019264027870027,0.011851310729980469
0.3399057388305664,615,0.011140316794039594,0.011987686157226562
0.34003734588623047,616,0.011261377544210914,0.012108802795410156
0.3401923179626465,617,0.011385544721912088,0.012254714965820312
0.34032392501831055,618,0.011509390186818342,0.01237630844116211
0.3404531478881836,619,0.011633073362318587,0.012498855590820312
0.34067845344543457,620,0.011767492382260087,0.012708425521850586
0.34085893630981445,621,0.011907252150242957,0.012885570526123047
0.34102296829223633,622,0.012048853852135194,0.01304006576538086
0.341174840927124,623,0.012190189699887704,0.013179540634155273
0.3413071632385254,624,0.012329594192891853,0.013305425643920898
0.3414266109466553,625,0.012464984169344946,0.013412714004516602
0.34158968925476074,626,0.01260314973383967,0.013570308685302734
0.34174442291259766,627,0.012742313426396212,0.013716459274291992
0.3418867588043213,628,0.012880711353275518,0.013849496841430664
0.3420541286468506,629,0.013021538676715565,0.014007329940795898
0.34221744537353516,630,0.013163806268731343,0.014159679412841797
0.3423728942871094,631,0.01330664864233597,0.01430654525756836
0.34253907203674316,632,0.013451215845048735,0.014463186264038086
0.34278225898742676,633,0.013605368702598184,0.014684438705444336
0.34302663803100586,634,0.013770770031078954,0.014928579330444336
0.34320664405822754,635,0.013937490307421745,0.015104532241821289
0.34334492683410645,636,0.014099463803311042,0.015233278274536133
0.34347009658813477,637,0.014255167901414009,0.015345096588134766
0.3436462879180908,638,0.014412360019892653,0.015512704849243164
0.3437790870666504,639,0.014565430133525455,0.015636920928955078
0.34392857551574707,640,0.014716830643873347,0.015776634216308594
0.3440823554992676,641,0.014867396100117084,0.015921354293823242
0.34421420097351074,642,0.015014489070360017,0.016044139862060547
0.3443582057952881,643,0.015159646301280591,0.01617574691772461
0.3445403575897217,644,0.015308533782968661,0.016350746154785156
0.3447136878967285,645,0.015459105710991744,0.01651310920715332
0.3448972702026367,646,0.015612641645677347,0.016687393188476562
0.34508752822875977,647,0.01576945653960757,0.01686716079711914
0.345226526260376,648,0.015923299267688852,0.017000198364257812
0.3453505039215088,649,0.01607206775789413,0.017113447189331055
0.3455233573913574,650,0.01622298260320558,0.017279386520385742
0.37879037857055664,651,0.014785881214496166,0.02484559093546206
0.37946486473083496,652,0.013609718234849062,0.021842859092378788
0.3800365924835205,653,0.012645723504397348,0.019393686617559344
0.3803248405456543,654,0.011842640064409812,0.017464224144322554
0.38069796562194824,655,0.011183930282264958,0.01579489875727894
0.3810310363769531,656,0.010649640102099636,0.01438967136325689
0.3812580108642578,657,0.010209196703183007,0.013292300495599412
0.38150930404663086,658,0.009853849470097754,0.012341280101694531
0.38173985481262207,659,0.009570785812580652,0.011552231415200367
0.38198065757751465,660,0.009352132574258803,0.010882705242511746
0.38222742080688477,661,0.009190434499180554,0.010322321024728295
0.38247179985046387,662,0.009078065552459864,0.009864648179504689
0.3827049732208252,663,0.009007786709446082,0.009499738610542555
0.3829622268676758,664,0.008977346741737002,0.009190426515700567
0.3831779956817627,665,0.008976908011370341,0.00897997912393697
0.3833892345428467,666,0.009001677282394727,0.00917506217956543
0.3835909366607666,667,0.009047698891931811,0.009369850158691406
0.3837735652923584,668,0.009109842704909329,0.009544849395751953
0.3839609622955322,669,0.009185974236607674,0.009718894958496094
0.3841228485107422,670,0.009271513801559913,0.009870290756225586
0.38426780700683594,671,0.00936370587252276,0.010009050369262695
0.3843977451324463,672,0.009459215491164324,0.010127782821655273
0.3845832347869873,673,0.009565436172490342,0.010308980941772461
0.38474392890930176,674,0.009677154731754855,0.010459184646606445
0.38489675521850586,675,0.009792611050609594,0.010600805282592773
0.3850867748260498,676,0.009916195687654977,0.010781288146972656
0.3852717876434326,677,0.010046326358991806,0.01095724105834961
0.3854372501373291,678,0.010179860229187411,0.01111459732055664
0.3856210708618164,679,0.010318547467918746,0.011289358139038086
0.38579487800598145,680,0.010460313392644235,0.011452674865722656
0.3859591484069824,681,0.010603908900265366,0.011609077453613281
0.38611888885498047,682,0.010744158107403826,0.011725902557373047
0.38626813888549805,683,0.010883744278121414,0.011860847473144531
0.3864102363586426,684,0.01102209464087821,0.011990547180175781
0.38658952713012695,685,0.011164608880409547,0.012162208557128906
0.38675498962402344,686,0.011309037977420121,0.01232004165649414
0.38690829277038574,687,0.011453086214480277,0.012461423873901367
0.3871159553527832,688,0.01160359612858821,0.01265716552734375
0.38729381561279297,689,0.011756630766262242,0.012827873229980469
0.3874695301055908,690,0.011911278490608856,0.012993812561035156
0.3876988887786865,691,0.012074251804587925,0.013215065002441406
0.387894868850708,692,0.0122401290681044,0.013401269912719727
0.3880901336669922,693,0.012408964519979533,0.013590812683105469
0.38824033737182617,694,0.012574308712901404,0.013731718063354492
0.38842129707336426,695,0.012739518681833161,0.013895988464355469
0.3885927200317383,696,0.012904819821030285,0.014061927795410156
0.38875651359558105,697,0.013069187455248423,0.01421976089477539
0.38892197608947754,698,0.013232410447063685,0.014374971389770508
0.3891150951385498,699,0.013398088946173399,0.014557838439941406
0.38926124572753906,700,0.013560879421682243,0.01470041275024414
0.3894028663635254,701,0.013719682562743325,0.014831304550170898
0.38955187797546387,702,0.013875831251189472,0.0149688720703125
0.3897581100463867,703,0.014037256885806412,0.015167236328125
0.3899223804473877,704,0.014197667209391524,0.015320539474487305
0.39009928703308105,705,0.014359513716970024,0.015492439270019531
0.39023351669311523,706,0.014516567014098038,0.01561594009399414
0.39037489891052246,707,0.014670230914786345,0.015745878219604492
0.39049363136291504,708,0.014818246884575014,0.015854358673095703
0.39065027236938477,709,0.01496650651892196,0.016004323959350586
0.3908040523529053,710,0.015114323708664869,0.016149044036865234
0.3909883499145508,711,0.015265538654322484,0.01632404327392578
0.39113807678222656,712,0.015415554311271187,0.01646566390991211
0.3912780284881592,713,0.015562970869835433,0.016594886779785156
0.39142298698425293,714,0.015708828473050586,0.01672983169555664
0.3916008472442627,715,0.015857732734048658,0.016900062561035156
0.391756534576416,716,0.01600656100694712,0.017048358917236328
0.39192628860473633,717,0.016156902313344965,0.017209291458129883
0.39206957817077637,718,0.016305110454657802,0.017342567443847656
0.3922419548034668,719,0.01645410448321376,0.01749706268310547
0.4246342182159424,720,0.014920610599295196,0.025655067786725157
0.4250950813293457,721,0.013636023909850825,0.022628130735961417
0.42548131942749023,722,0.012558561784156581,0.020100796664016287
0.4258711338043213,723,0.01166358534928398,0.01792842039339218
0.4261479377746582,724,0.010914992058095407,0.016155145096415423
0.4263725280761719,725,0.010286616204520005,0.014685247179547823
0.4266669750213623,726,0.009772341503250048,0.013372264412139744
0.42688894271850586,727,0.009348845404241498,0.012313318097301355
0.42713451385498047,728,0.009007880023739997,0.011394637687250502
0.4273719787597656,729,0.008736923650075477,0.010633618265727125
0.4275939464569092,730,0.008526599308623171,0.009998869698789312
0.4277935028076172,731,0.008366347763117784,0.00948810858165549
0.4280281066894531,732,0.00825458887868082,0.009036901069739568
0.4282557964324951,733,0.008183949770493667,0.00867842352780374
0.4284708499908447,734,0.00814771094343855,0.008401382732824366
0.42870068550109863,735,0.008143539315651553,0.008172740710160529
0.4289259910583496,736,0.00816668142916447,0.008328676223754883
0.429140567779541,737,0.00821282899664318,0.00853586196899414
0.4293491840362549,738,0.008277765231834511,0.008732318878173828
0.4295315742492676,739,0.008356727563160984,0.008909463882446289
0.42969560623168945,740,0.008445280519590813,0.00906515121459961
0.4298536777496338,741,0.008541361005636834,0.009213924407958984
0.42998838424682617,742,0.008640958440891092,0.009338140487670898
0.4301128387451172,743,0.00874217289290556,0.009450674057006836
0.4303147792816162,744,0.008855352256710455,0.009647607803344727
0.4304680824279785,745,0.008971520535412664,0.009784698486328125
0.43060302734375,746,0.009089320638011227,0.009913921356201172
0.4307587146759033,747,0.009210604946763852,0.010059595108032227
0.4308907985687256,748,0.009331570273471472,0.010178327560424805
0.4310338497161865,749,0.009453478386107605,0.010306835174560547
0.43121981620788574,750,0.009581873877684853,0.010480642318725586
0.43137335777282715,751,0.009711058244963992,0.010615348815917969
0.4315309524536133,752,0.009842542203891223,0.010762929916381836
0.4316868782043457,753,0.009975501863707555,0.010906219482421875
0.431842565536499,754,0.010109395133933198,0.011046648025512695
0.4320030212402344,755,0.010245565627063986,0.011198759078979492
0.43216872215270996,756,0.010384473748296466,0.011356830596923828
0.4323270320892334,757,0.010524793817479134,0.011507034301757812
0.4324660301208496,758,0.010659941841804863,0.011605978012084961
0.4326176643371582,759,0.010795392303107575,0.011743545532226562
0.4327516555786133,760,0.010929200048132335,0.011865854263305664
0.4328935146331787,761,0.011062285672151194,0.011993885040283203
0.4330716133117676,762,0.011199716428128632,0.012161731719970703
0.4332568645477295,763,0.011340889569925053,0.0123291015625
0.4334530830383301,764,0.01148691682239963,0.01250910758972168
0.4336099624633789,765,0.011633317119807196,0.012658119201660156
0.4337475299835205,766,0.011777451029483396,0.012786388397216797
0.4338676929473877,767,0.011917187861781248,0.012895345687866211
0.43402695655822754,768,0.01205817344850134,0.013045072555541992
0.434201717376709,769,0.012202308055585646,0.013211250305175781
0.4343435764312744,770,0.012345055532676747,0.013344287872314453
0.4345054626464844,771,0.01248897345681481,0.01349639892578125
0.43463802337646484,772,0.012630220034142891,0.013618946075439453
0.43477940559387207,773,0.012770023252683867,0.013748645782470703
0.4349544048309326,774,0.012912735857420405,0.013911724090576172
0.4351236820220947,775,0.013057785558821346,0.01407313346862793
0.4352712631225586,776,0.013201184731827565,0.014204978942871094
0.43544554710388184,777,0.013345464273634642,0.01435542106628418
0.4356398582458496,778,0.01349516330043495,0.01454305648803711
0.435809850692749,779,0.013646296318819303,0.014704227447509766
0.43601465225219727,780,0.013803065021230684,0.014900445938110352
0.43619275093078613,781,0.013960920447577702,0.015065908432006836
0.4363400936126709,782,0.014116359094938595,0.015204429626464844
0.4365394115447998,783,0.014276060757677594,0.015393972396850586
0.436676025390625,784,0.014431773757374023,0.015521764755249023
0.4368164539337158,785,0.014584086083875366,0.015650272369384766
0.43699193000793457,786,0.014738101785945878,0.015816211700439453
0.43715333938598633,787,0.0148921774301648,0.015970706939697266
0.4698026180267334,788,0.013495124445806432,0.023274495336315013
0.47041893005371094,789,0.01234849039032477,0.020374928778696413
0.47075891494750977,790,0.01138532932003454,0.01812745681206615
0.4711780548095703,791,0.01059245247120759,0.016142590412996236
0.4714016914367676,792,0.009924851667540407,0.014598057293210696
0.471632719039917,793,0.009366986612677567,0.01327204199671744
0.47186708450317383,794,0.008905885396078223,0.012133593912273633
0.47209692001342773,795,0.008528916096156459,0.011167701195608816
0.47235894203186035,796,0.008225234397781311,0.010351006286407349
0.4726064205169678,797,0.007991878233816092,0.009625371381572614
0.47283506393432617,798,0.007815318343199922,0.009051237577513124
0.4730708599090576,799,0.007688842621955205,0.008574172670668222
0.47330260276794434,800,0.007605505095495594,0.008188867780712868
0.47350287437438965,801,0.007557141873490896,0.007895684427523784
0.47364330291748047,802,0.007531215331550017,0.007712701125136168
0.47383689880371094,803,0.007531864825781314,0.007536411285400391
0.4740023612976074,804,0.007551953654397639,0.007692575454711914
0.47419023513793945,805,0.0075917639119381436,0.00787043571472168
0.47435498237609863,806,0.007644211059817213,0.008011341094970703
0.47449231147766113,807,0.007706493591524632,0.008142471313476562
0.47466135025024414,808,0.007780362316320626,0.008297443389892578
0.474865198135376,809,0.007869196936295928,0.008491039276123047
0.47502923011779785,810,0.007966596761550197,0.008648395538330078
0.47519969940185547,811,0.008071789164647437,0.008808135986328125
0.4753549098968506,812,0.00818198213169163,0.008953332901000977
0.47550535202026367,813,0.00828653701186714,0.009018421173095703
0.47565555572509766,814,0.008394354204689166,0.00914907455444336
0.475818395614624,815,0.008508184967249994,0.009305000305175781
0.47597289085388184,816,0.008625787487212886,0.009449005126953125
0.476107120513916,817,0.008744157097499629,0.009572744369506836
0.47626519203186035,818,0.008866476167282391,0.009722709655761719
0.47639942169189453,819,0.008982684468637717,0.009796142578125
0.47655725479125977,820,0.009101830893242817,0.009935855865478516
0.47675609588623047,821,0.009230164291261536,0.010128498077392578
0.4769456386566162,822,0.009364360721482872,0.010303735733032227
0.47713756561279297,823,0.009505147618678494,0.010490655899047852
0.4772803783416748,824,0.009645144663551325,0.010625123977661133
0.4774200916290283,825,0.00978382473887157,0.010754585266113281
0.4775421619415283,826,0.009918819268430348,0.010863780975341797
0.4777040481567383,827,0.010056281189023894,0.011018514633178711
0.477858304977417,828,0.010194382158331088,0.011161088943481445
0.4780008792877197,829,0.010332148225591094,0.011296510696411133
0.47815537452697754,830,0.010470634532520992,0.011440038681030273
0.47829437255859375,831,0.010608022514463558,0.011569738388061523
0.4784383773803711,832,0.010744717682943699,0.011701583862304688
0.4786250591278076,833,0.010886647894832206,0.011880159378051758
0.4787912368774414,834,0.011030297746753815,0.012035846710205078
0.4789419174194336,835,0.011173693946683513,0.012177467346191406
0.4790835380554199,836,0.01131546749196807,0.012307882308959961
0.47922301292419434,837,0.011455940423727676,0.012439250946044922
0.47934436798095703,838,0.011592354691058957,0.01254725456237793
0.47950005531311035,839,0.011730224417176588,0.0126953125
0.47966670989990234,840,0.011870559762627781,0.012852907180786133
0.4798099994659424,841,0.012009982885789909,0.012985944747924805
0.4799652099609375,842,0.012150097930568489,0.013130903244018555
0.4801011085510254,843,0.0122883150116809,0.013255834579467773
0.48024725914001465,844,0.01242618267677047,0.013391256332397461
0.4804224967956543,845,0.012567708311717619,0.013558387756347656
0.4806177616119385,846,0.012714461228212511,0.013741731643676758
0.48082542419433594,847,0.012867665562372104,0.013940095901489258
0.48096132278442383,848,0.013017902015818266,0.014069557189941406
0.48111653327941895,849,0.01316706149208195,0.014211177825927734
0.48126816749572754,850,0.013315099799376638,0.014351367950439453
0.4814314842224121,851,0.013464302851035368,0.014508724212646484
0.48162341117858887,852,0.013617386076961856,0.014688968658447266
0.4817676544189453,853,0.013767725176960764,0.014820098876953125
0.48192644119262695,854,0.013918106957208833,0.014970779418945312
0.48206114768981934,855,0.014065486245791372,0.01509714126586914
0.4822075366973877,856,0.014211311237772528,0.015232086181640625
0.4824209213256836,857,0.014364538103009458,0.015437126159667969
0.5163478851318359,858,0.012950708787597265,0.022847513995482616
0.5170304775238037,859,0.01179785930200161,0.01986780570117119
0.517514705657959,860,0.01084901867010468,0.01749090309338319
0.5178215503692627,861,0.010055439973731732,0.01561049084834237
0.5182361602783203,862,0.009412229201945075,0.013914704604451673
0.5185472965240479,863,0.00888807338876859,0.012557164081003977
0.518897533416748,864,0.008471517931450592,0.011387406132676574
0.5191562175750732,865,0.008138354147126811,0.01047050063739327
0.5193932056427002,866,0.007875446065335691,0.00971580263787353
0.5196223258972168,867,0.007672670618753203,0.009092098744830624
0.5199203491210938,868,0.007531630738628901,0.008518909899499013
0.5201489925384521,869,0.007435281352248165,0.008109727056913322
0.5203902721405029,870,0.007380152112782574,0.007766056789041711
0.5206220149993896,871,0.007359540781103575,0.007503820102856565
0.5208351612091064,872,0.007366778235269217,0.007417440414428711
0.5210447311401367,873,0.007398234365436981,0.007618427276611328
0.5212318897247314,874,0.00744805061647977,0.007796764373779297
0.5214126110076904,875,0.0075131571129061275,0.007968902587890625
0.5215716361999512,876,0.007588453725547622,0.008115530014038086
0.521721363067627,877,0.007671862027172895,0.008255720138549805
0.5218567848205566,878,0.007760132882479896,0.008378028869628906
0.5220015048980713,879,0.007854059181410631,0.008511543273925781
0.5221872329711914,880,0.00795868584173296,0.008691072463989258
0.5223453044891357,881,0.008068234772237164,0.008835077285766602
0.5224995613098145,882,0.008182209898440061,0.008980035781860352
0.5226390361785889,883,0.008298120794924115,0.0091094970703125
0.5227746963500977,884,0.008415189048601203,0.00923466682434082
0.5228979587554932,885,0.008530975210998343,0.00934147834777832
0.5230588912963867,886,0.008651361589423966,0.00949406623840332
0.5232083797454834,887,0.0087741042268208,0.009633302688598633
0.5233449935913086,888,0.008896554207348814,0.009753704071044922
0.5234990119934082,889,0.00902163893838822,0.009897232055664062
0.5236349105834961,890,0.009146525681044525,0.010020732879638672
0.5237786769866943,891,0.009272282265149189,0.010152578353881836
0.5239574909210205,892,0.00939730984440178,0.010272502899169922
0.5241057872772217,893,0.009518361684301388,0.010365724563598633
0.5242929458618164,894,0.00963584534529997,0.010458230972290039
0.5244419574737549,895,0.00975569047707949,0.010594606399536133
0.5245773792266846,896,0.009876439605219212,0.010721683502197266
0.5246999263763428,897,0.009995684951350258,0.010830402374267578
0.5248568058013916,898,0.010118680883029621,0.010979652404785156
0.5250248908996582,899,0.01024612086763688,0.011138200759887695
0.5251741409301758,900,0.010375333433666523,0.011279821395874023
0.5253424644470215,901,0.010507855345461626,0.011435508728027344
0.525479793548584,902,0.010640024481661247,0.011565208435058594
0.5256490707397461,903,0.010774269125005837,0.011713981628417969
0.525860071182251,904,0.01091763140608726,0.011921167373657227
0.5260658264160156,905,0.011067749724970518,0.01211857795715332
0.5262348651885986,906,0.011219190019282675,0.012279272079467773
0.5263779163360596,907,0.011368359775020534,0.012412548065185547
0.5265295505523682,908,0.011516377274532738,0.012552499771118164
0.5266766548156738,909,0.011663148131268392,0.012690544128417969
0.5268371105194092,910,0.011810377896338724,0.012840986251831055
0.5270037651062012,911,0.011958873473551145,0.012998342514038086
0.5271484851837158,912,0.012105913636662548,0.013135194778442383
0.5273087024688721,913,0.012253259835522112,0.013284683227539062
0.5274429321289062,914,0.012397863781100159,0.013410091400146484
0.5275912284851074,915,0.012541379557241935,0.013545989990234375
0.5277726650238037,916,0.012688741359031395,0.013720273971557617
0.5279366970062256,917,0.01283711404979395,0.013875722885131836
0.5280849933624268,918,0.012984314908163212,0.014014720916748047
0.5282261371612549,919,0.013129268517970447,0.014143943786621094
0.5283634662628174,920,0.01327237499457546,0.014274120330810547
0.528540849685669,921,0.013417441508315052,0.014432907104492188
0.5287401676177979,922,0.013563239577908604,0.014583826065063477
0.528907060623169,923,0.013710989061059433,0.014745235443115234
0.5290491580963135,924,0.013856601531484866,0.01487588882446289
0.5291955471038818,925,0.014001387197059146,0.015014886856079102
0.5293166637420654,926,0.01414190293202453,0.015125513076782227
0.5294826030731201,927,0.014283570058578715,0.015275239944458008
0.5630393028259277,928,0.012857748425508695,0.022838499856998835
0.5634136199951172,929,0.011653487073324136,0.020083316538616044
0.5637586116790771,930,0.010639812711451709,0.01773553324455869
0.5640621185302734,931,0.009786315652854718,0.015760795063033656
0.5643446445465088,932,0.00907199025798494,0.014072268022073394
0.5646741390228271,933,0.008484327649748052,0.01259796590740626
0.5650043487548828,934,0.008008180433229862,0.011341210948857185
0.5653362274169922,935,0.00762940056820882,0.010280859623356117
0.5655989646911621,936,0.007328932799276223,0.0094322071818044
0.5658292770385742,937,0.007091564091746456,0.008753145044454826
0.5660567283630371,938,0.006908989830430737,0.008187009659640771
0.5663270950317383,939,0.006776059441928409,0.007706572161444708
0.5665547847747803,940,0.0066889814302512,0.007298527511991658
0.5667710304260254,941,0.006636302202397535,0.007005056797373194
0.5670015811920166,942,0.006616374317081974,0.006755869514290901
0.5672128200531006,943,0.006622809077663402,0.0066678524017333984
0.5673787593841553,944,0.0066465295028614825,0.006812572479248047
0.5675899982452393,945,0.006691543965333387,0.007006645202636719
0.5677719116210938,946,0.006751137594575161,0.007168292999267578
0.5679199695587158,947,0.006819315669606293,0.007296562194824219
0.5680990219116211,948,0.006898670820356801,0.0074541568756103516
0.5682857036590576,949,0.006988401958809515,0.007616519927978516
0.5684845447540283,950,0.007089298249068799,0.007795572280883789
0.5686712265014648,951,0.007198712349618549,0.007964611053466797
0.5688447952270508,952,0.0073139106041187445,0.008120298385620117
0.5690038204193115,953,0.007432203040047993,0.008260250091552734
0.5691640377044678,954,0.007553322094017214,0.008401155471801758
0.5693013668060303,955,0.007673874601887865,0.008517742156982422
0.5694317817687988,956,0.007792888300638698,0.008625984191894531
0.5695962905883789,957,0.007915443122281273,0.008773326873779297
0.5697472095489502,958,0.008039218880143697,0.008905649185180664
0.5698797702789307,959,0.00816158936444031,0.009018182754516602
0.5700328350067139,960,0.00828517402480263,0.009150266647338867
0.5701639652252197,961,0.008404575880482209,0.009240388870239258
0.5703070163726807,962,0.00852404307236285,0.009360313415527344
0.570481538772583,963,0.00864812718874474,0.009516716003417969
0.5706255435943604,964,0.008772197998220495,0.009640693664550781
0.5707769393920898,965,0.00889721083846979,0.009772300720214844
0.5709214210510254,966,0.00902266052545489,0.009900808334350586
0.5710620880126953,967,0.009147240755793536,0.010019302368164062
0.5711829662322998,968,0.009268527014163582,0.010117530822753906
0.5713434219360352,969,0.00939265309295954,0.01026153564453125
0.5714938640594482,970,0.009517684491541624,0.010392904281616211
0.5716242790222168,971,0.009640825835921674,0.010502815246582031
0.5717771053314209,972,0.009765412824403267,0.010637521743774414
0.5719096660614014,973,0.009888314321557326,0.010748624801635742
0.5720541477203369,974,0.010011290734563954,0.010872125625610352
0.5722262859344482,975,0.010138415617108694,0.011028289794921875
0.5724105834960938,976,0.010270124084815688,0.011192083358764648
0.5725724697113037,977,0.01040292256194566,0.011332511901855469
0.5727181434631348,978,0.01053497606494464,0.0114593505859375
0.5728566646575928,979,0.010665573052874534,0.011579751968383789
0.57297682762146,980,0.01079200476484737,0.011677026748657227
0.5731353759765625,981,0.01092036489464428,0.011818885803222656
0.5733048915863037,982,0.011051515075965601,0.011969566345214844
0.5734500885009766,983,0.011181977308520072,0.012095212936401367
0.573601245880127,984,0.011312493236996079,0.012226104736328125
0.5737357139587402,985,0.011440880579869127,0.012339591979980469
0.5738778114318848,986,0.011568657107879871,0.012463092803955078
0.5740740299224854,987,0.01170287291632482,0.012642383575439453
0.574307918548584,988,0.011849041187495886,0.01287221908569336
0.5744898319244385,989,0.011999111352627016,0.013049602508544922
0.5746314525604248,990,0.012146814024429986,0.013180732727050781
0.5747804641723633,991,0.012293279604597673,0.013318538665771484
0.5749409198760986,992,0.012440480671250137,0.013470888137817383
0.5751380920410156,993,0.012592944648546872,0.013660192489624023
0.5752737522125244,994,0.012742443882770871,0.013788938522338867
0.5754342079162598,995,0.01289200137349873,0.01393890380859375
0.5755877494812012,996,0.01304068596667345,0.014081478118896484
0.5757222175598145,997,0.013186639821211583,0.014208316802978516
0.5758638381958008,998,0.013330621511956131,0.014338493347167969
0.5760374069213867,999,0.013477377710061834,0.014504671096801758
0.6092524528503418,1000,0.01198791070794351,0.022414179722771786
0.6095607280731201,1001,0.010722356821232798,0.019581234028207783
0.6097922325134277,1002,0.009642504713924768,0.01720146946508098
0.610020637512207,1003,0.008725111861271697,0.015146861829843199
0.6102683544158936,1004,0.00795264247242377,0.013359928194359258
0.6104884147644043,1005,0.007302868393915842,0.011851286943471333
0.6107170581817627,1006,0.006761972630397187,0.010548242975027773
0.6110134124755859,1007,0.006323944984703008,0.009390138504562266
0.6112422943115234,1008,0.005969042605633686,0.008453359259118935
0.6115331649780273,1009,0.005693639962043123,0.0076214584671770655
0.6117749214172363,1010,0.005481481494650281,0.006966590766400171
0.6120021343231201,1011,0.005323171565311061,0.006431341070685598
0.6122300624847412,1012,0.005211830095156821,0.005991220386236494
0.612464427947998,1013,0.005142509898783459,0.005627751273396996
0.6126444339752197,1014,0.005103848840878886,0.005374476246210897
0.6128342151641846,1015,0.005092401959325543,0.005172530130198938
0.6130421161651611,1016,0.005107390086449645,0.005212306976318359
0.6132206916809082,1017,0.005141783555868049,0.005382537841796875
0.6133878231048584,1018,0.005191726188319357,0.005541324615478516
0.6135826110839844,1019,0.00525795654743935,0.005721569061279297
0.6137216091156006,1020,0.005332657016851228,0.005855560302734375
0.6138875484466553,1021,0.005415066855992383,0.005991935729980469
0.6140778064727783,1022,0.005510093451157032,0.00617527961730957
0.6142361164093018,1023,0.00561159995251692,0.006322145462036133
0.61440110206604,1024,0.005720117476305088,0.006479740142822266
0.6145453453063965,1025,0.005832176842670272,0.0066165924072265625
0.6146838665008545,1026,0.005946083623750062,0.006743431091308594
0.6148076057434082,1027,0.006059371718526055,0.006852388381958008
0.6149647235870361,1028,0.006172654904589204,0.00696563720703125
0.6151213645935059,1029,0.006289986911373342,0.007111310958862305
0.6152524948120117,1030,0.0064079112063719626,0.007233381271362305
0.6154055595397949,1031,0.006528976357928372,0.007376432418823242
0.6155486106872559,1032,0.006651150631241525,0.007506370544433594
0.6156923770904541,1033,0.006774712618605255,0.007639646530151367
0.6158761978149414,1034,0.006905181099339291,0.007818460464477539
0.6160261631011963,1035,0.007036864785545537,0.007958650588989258
0.6161723136901855,1036,0.007169462764928029,0.008097648620605469
0.6163225173950195,1037,0.007301936878845717,0.008229255676269531
0.6165399551391602,1038,0.007443690342033826,0.008435964584350586
0.6167507171630859,1039,0.007593622840478328,0.008643150329589844
0.6169421672821045,1040,0.007748089390402058,0.008829355239868164
0.6171088218688965,1041,0.007902857549716424,0.008986234664916992
0.6172432899475098,1042,0.008054223931593912,0.009113788604736328
0.6174132823944092,1043,0.008206547664769307,0.00927281379699707
0.6175811290740967,1044,0.00835970908033037,0.009431838989257812
0.6177372932434082,1045,0.00851184513095802,0.009576797485351562
0.6179149150848389,1046,0.008666183428797252,0.009746551513671875
0.6180720329284668,1047,0.00881970687928695,0.009894371032714844
0.6182386875152588,1048,0.008973977652142806,0.010053873062133789
0.6183738708496094,1049,0.009124700204612382,0.010179758071899414
0.6185188293457031,1050,0.009273688971073798,0.010316610336303711
0.6186435222625732,1051,0.009417912221637816,0.010427474975585938
0.6188046932220459,1052,0.009563449273110945,0.010582208633422852
0.6189563274383545,1053,0.00970867558658255,0.010725259780883789
0.6191129684448242,1054,0.009853987632171475,0.010871171951293945
0.6192562580108643,1055,0.009998182600467545,0.011007547378540039
0.6193945407867432,1056,0.010140297440204024,0.011135101318359375
0.6195423603057861,1057,0.01028175445802398,0.011271953582763672
0.619718074798584,1058,0.01042662939286693,0.011440753936767578
0.6198663711547852,1059,0.010570918726418476,0.011580944061279297
0.6200289726257324,1060,0.01071654340282808,0.011735916137695312
0.6201901435852051,1061,0.0108618463881191,0.01187896728515625
0.6203403472900391,1062,0.011007165916905239,0.012024402618408203
0.6204860210418701,1063,0.011151337630676484,0.012160539627075195
0.620673656463623,1064,0.011299690610405156,0.01233816146850586
0.6208231449127197,1065,0.011447440465745137,0.012481689453125
0.6209776401519775,1066,0.011595050017436052,0.012628316879272461
0.6211221218109131,1067,0.011740689059445999,0.012760162353515625
0.6212592124938965,1068,0.01188391845207018,0.012886524200439453
0.6393177509307861,1069,0.010531645026634406,0.019997559004684827
0.639629602432251,1070,0.009383810938374685,0.01741864955619273
0.6400253772735596,1071,0.008425947734072233,0.015130990164189388
0.6403534412384033,1072,0.007626649856378755,0.013221735000233097
0.6406948566436768,1073,0.006967169523074086,0.011583531856206766
0.6410081386566162,1074,0.0064263936577783265,0.010211824714848645
0.6414496898651123,1075,0.00600670994433045,0.008944495938465587
0.6417129039764404,1076,0.005667620087397542,0.008041249085927897
0.6419415473937988,1077,0.00539687428538093,0.007292094899497212
0.6421670913696289,1078,0.005185631508192201,0.006664330948513307
0.6424038410186768,1079,0.005027824784557702,0.006132471849999193
0.642634391784668,1080,0.004916774607783155,0.005694125845204982
0.6428859233856201,1081,0.004849408025493122,0.005320974101523353
0.6432147026062012,1082,0.004817761193296472,0.005039289018673022
0.6434845924377441,1083,0.004835280338186537,0.004957914352416992
0.6437172889709473,1084,0.004878862191588879,0.0051839351654052734
0.6438815593719482,1085,0.0049361890089336035,0.00533747673034668
0.6440906524658203,1086,0.005011473331883065,0.005538463592529297
0.6442844867706299,1087,0.00510041411199192,0.005722999572753906
0.6444358825683594,1088,0.005196178292664561,0.005866527557373047
0.6445760726928711,1089,0.005296333425743966,0.005997419357299805
0.6447956562042236,1090,0.00540939054818515,0.0062007904052734375
0.6449685096740723,1091,0.00552908774902541,0.0063669681549072266
0.6451830863952637,1092,0.005659691215593156,0.006573915481567383
0.6454031467437744,1093,0.00580040390879782,0.006785392761230469
0.6455552577972412,1094,0.005941438711106906,0.006928682327270508
0.6457395553588867,1095,0.006086391242213661,0.0071010589599609375
0.6459171772003174,1096,0.006234324751182558,0.007269859313964844
0.6460630893707275,1097,0.006380992313870432,0.007407665252685547
0.6461875438690186,1098,0.0065232739180997625,0.007519245147705078
0.6463606357574463,1099,0.006668929970695691,0.0076885223388671875
0.6465177536010742,1100,0.00681470744498556,0.007835149765014648
0.6466522216796875,1101,0.006958028163532287,0.007961273193359375
0.6468069553375244,1102,0.007101583406594779,0.008106470108032227
0.6469407081604004,1103,0.007242661649593674,0.008230209350585938
0.6470866203308105,1104,0.007382943424366755,0.00836491584777832
0.647268533706665,1105,0.007527535079603381,0.008539676666259766
0.6474137306213379,1106,0.007670950694729253,0.008674860000610352
0.6475691795349121,1107,0.007814678379265659,0.008820772171020508
0.6477096080780029,1108,0.007956414148034819,0.008948564529418945
0.6478471755981445,1109,0.008096556002119578,0.00907754898071289
0.6479690074920654,1110,0.008232889192742083,0.00918722152709961
0.6481306552886963,1111,0.008371611848733551,0.009342670440673828
0.6482980251312256,1112,0.008512812717113905,0.009501218795776367
0.648439884185791,1113,0.008652993172839046,0.009634256362915039
0.6485934257507324,1114,0.008793383453419224,0.009776115417480469
0.6487314701080322,1115,0.008932616226240113,0.009907245635986328
0.6488769054412842,1116,0.009071164005317886,0.010040998458862305
0.6490538120269775,1117,0.009213552960906202,0.010210275650024414
0.6492154598236084,1118,0.009357365794986042,0.010364055633544922
0.6493644714355469,1119,0.009500725790369867,0.01050424575805664
0.6495108604431152,1120,0.009643123307769312,0.01063990592956543
0.649646520614624,1121,0.009783784587260794,0.010768413543701172
0.649791955947876,1122,0.009923075670194747,0.010898113250732422
0.6499545574188232,1123,0.010064595098215447,0.011055231094360352
0.6501374244689941,1124,0.010210061083787027,0.011228322982788086
0.6502861976623535,1125,0.0103549271913709,0.011368989944458008
0.6504478454589844,1126,0.010500311486999097,0.011518001556396484
0.6505868434906006,1127,0.01064382461601984,0.011648416519165039
0.6507363319396973,1128,0.010786654148575466,0.011786460876464844
0.6509091854095459,1129,0.01093243201058825,0.011952877044677734
0.6510725021362305,1130,0.011079388951723826,0.012108087539672852
0.6512289047241211,1131,0.011226185494196336,0.012253761291503906
0.6513681411743164,1132,0.011370993943850627,0.012384653091430664
0.651540994644165,1133,0.01151710264917252,0.012539863586425781
0.6517050266265869,1134,0.01166497492697371,0.012700080871582031
0.6518697738647461,1135,0.011814062505148016,0.012857675552368164
0.6520352363586426,1136,0.011963736633990597,0.013011455535888672
0.6521799564361572,1137,0.012111778227456006,0.013148069381713867
0.6523330211639404,1138,0.012259315224460407,0.013292074203491211
0.670727014541626,1139,0.010792853360846826,0.021058086406141895
0.6710364818572998,1140,0.009546505098333746,0.018270942935925304
0.671269416809082,1141,0.0084823552262703,0.015931404330714428
0.6714966297149658,1142,0.007576556062244325,0.01391715021042615
0.6717338562011719,1143,0.006810923093160073,0.012170353876749834
0.6719362735748291,1144,0.006163852626482716,0.01069334589322422
0.6721823215484619,1145,0.005624875488479993,0.009397715454499049
0.6724684238433838,1146,0.005187096128637645,0.00825155164753408
0.67270827293396,1147,0.004831755348596148,0.007319140808886631
0.6729395389556885,1148,0.004547237023695336,0.006538865298001023
0.6731817722320557,1149,0.004325969846905294,0.005874840084435588
0.6734142303466797,1150,0.0041588255294942806,0.005328835751371374
0.6736454963684082,1151,0.004038949307072754,0.0048780828640234385
0.6739017963409424,1152,0.003963770527874451,0.004490021982262574
0.6741230487823486,1153,0.0039230230468816,0.004208255413831559
0.6743416786193848,1154,0.003912313544851356,0.003987280059063063
0.6745772361755371,1155,0.003929526402144716,0.004050016403198242
0.6747405529022217,1156,0.003962439243386636,0.004192829132080078
0.6748678684234619,1157,0.004004857640804493,0.004301786422729492
0.6750643253326416,1158,0.0040640572594344004,0.00447845458984375
0.6752262115478516,1159,0.004134036342392063,0.004623889923095703
0.6753969192504883,1160,0.004215265398302161,0.0047838687896728516
0.675581693649292,1161,0.004307977308276964,0.004956960678100586
